{
  "cube": "/Users/vladimir/ml-wildfire-prediction/data/gold/FireGuard_coarse4_t200.zarr",
  "model": "gbt_fireguard.joblib",
  "n_features": 135,
  "split": "chrono 80/20 of 5264 days (val > 4211)",
  "regime_km": 6.0,
  "n_pos": 2150,
  "rows": {
    "gbt": {
      "roc": 0.9408615905585592,
      "overall_ap": 0.7851636737934977,
      "new_ignition_ap": 0.682657084222766,
      "spread_ap": 0.9937711440610361,
      "prec_at_k": 0.40744186046511627,
      "n_pos": 2150
    },
    "logistic": {
      "roc": 0.8858445391605211,
      "overall_ap": 0.5111585748264359,
      "new_ignition_ap": 0.42300952694357424,
      "spread_ap": 0.6820075744511532,
      "prec_at_k": 0.05069767441860465,
      "n_pos": 2150
    },
    "climatology": {
      "roc": 0.7471272781366645,
      "overall_ap": 0.5166978863817352,
      "new_ignition_ap": 0.3989981958307052,
      "spread_ap": 0.772832019626924,
      "prec_at_k": 0.30093023255813955,
      "n_pos": 2150
    },
    "persistence": {
      "roc": 0.6801301641592364,
      "overall_ap": 0.42061343587827793,
      "new_ignition_ap": 0.09692867740763939,
      "spread_ap": 0.992471857572686,
      "prec_at_k": 0.27674418604651163,
      "n_pos": 2150
    },
    "ffwi": {
      "roc": 0.553043479201781,
      "overall_ap": 0.07556237513201919,
      "new_ignition_ap": 0.08045454030352113,
      "spread_ap": 0.06994227116558834,
      "prec_at_k": 0.0013953488372093023,
      "n_pos": 2150
    },
    "kbdi": {
      "roc": 0.5465676643624708,
      "overall_ap": 0.08597637560652895,
      "new_ignition_ap": 0.08469879615651676,
      "spread_ap": 0.0882905080494653,
      "prec_at_k": 0.00046511627906976747,
      "n_pos": 2150
    },
    "hdw": {
      "roc": 0.5843120061566488,
      "overall_ap": 0.07645929872494112,
      "new_ignition_ap": 0.07577114395197429,
      "spread_ap": 0.08170725943413962,
      "prec_at_k": 0.00046511627906976747,
      "n_pos": 2150
    }
  }
}