{
  "cube": "FireGuard_coarse4.zarr",
  "horizon": 3,
  "train_rows": 6067725,
  "val_rows": 32770413,
  "pos_val": 35754,
  "full": {
    "AP": 0.19371435997723316,
    "ROC": 0.898861388711241
  },
  "groups": [
    [
      "fire_context",
      2,
      0.1350230861847306,
      0.8595846132717261,
      0.05869127379250255,
      0.03927677543951491
    ],
    [
      "fuel_cover",
      2,
      0.19035811996965332,
      0.8984407468506819,
      0.003356240007579836,
      0.00042064186055912334
    ],
    [
      "terrain",
      2,
      0.19109902505864199,
      0.8969754374691502,
      0.0026153349185911723,
      0.0018859512420907887
    ],
    [
      "soil_moisture",
      2,
      0.194924438029778,
      0.8994703116114476,
      -0.001210078052544833,
      -0.0006089229002066432
    ],
    [
      "human",
      4,
      0.19767486090604072,
      0.8941970753214363,
      -0.003960500928807564,
      0.004664313389804664
    ],
    [
      "vegetation",
      5,
      0.1988445257884601,
      0.9008809858543162,
      -0.005130165811226939,
      -0.0020195971430752024
    ],
    [
      "weather",
      17,
      0.19936211165570872,
      0.8910127378351761,
      -0.00564775167847556,
      0.0078486508760649
    ]
  ]
}