{
  "cube": "FireGuard_coarse4.zarr",
  "horizon": 3,
  "train_rows": 6067725,
  "val_rows": 32770413,
  "pos_val": 35754,
  "horizons": [
    [
      1,
      0.0004477514518965629,
      0.14978084788742804,
      0.9102192607338688
    ],
    [
      3,
      0.0010910451448994554,
      0.16852556613920378,
      0.8784836282324466
    ],
    [
      7,
      0.0021838285323946527,
      0.15171349395536374,
      0.847526172050964
    ]
  ],
  "full": {
    "AP": 0.16852556613920378,
    "ROC": 0.8784836282324466
  },
  "groups": [
    [
      "fire_context",
      1,
      0.12699893633614343,
      0.8520743064331145,
      0.04152662980306035,
      0.026409321799332086
    ],
    [
      "human",
      4,
      0.14823058521266358,
      0.8672642940711441,
      0.020294980926540196,
      0.011219334161302497
    ],
    [
      "terrain",
      2,
      0.15476925442533462,
      0.8696801446439056,
      0.013756311713869152,
      0.008803483588540995
    ],
    [
      "fuel_cover",
      2,
      0.16390894989171217,
      0.875175463794805,
      0.004616616247491601,
      0.003308164437641592
    ],
    [
      "weather",
      13,
      0.16797999542250253,
      0.8706217327201452,
      0.0005455707167012491,
      0.007861895512301431
    ],
    [
      "soil_moisture",
      2,
      0.17137960241559114,
      0.8777847189321868,
      -0.0028540362763873617,
      0.0006989093002598423
    ],
    [
      "vegetation",
      5,
      0.1731089126446105,
      0.8820644314959345,
      -0.004583346505406732,
      -0.003580803263487864
    ]
  ]
}