{
  "metric": "val new_ignition_ap (held eval slice during search; full eval in refit)",
  "n_trials": 40,
  "eval_days_held": 122,
  "smoke": false,
  "best_params": {
    "learning_rate": 0.0561162492818243,
    "max_leaf_nodes": 209,
    "min_samples_leaf": 254,
    "l2_regularization": 2.084892446970225,
    "max_features": 0.6924772243725014,
    "class_weight": null
  },
  "best_val_newign_ap_held": 0.7384468090802268,
  "tuned": {
    "val": {
      "roc": 0.9730886930120173,
      "overall_ap": 0.8496987253704864,
      "new_ignition_ap": 0.669508038098627,
      "spread_ap": 0.9992682104907199,
      "prec_at_k": 0.3980938494205475,
      "n_pos": 1364
    },
    "test": {
      "roc": 0.9754136177813346,
      "overall_ap": 0.8641588295349724,
      "new_ignition_ap": 0.6394053550534323,
      "spread_ap": 0.9975679683373652,
      "prec_at_k": 0.462510883808136,
      "n_pos": 2294
    }
  },
  "baseline": {
    "val": {
      "roc": 0.9706836334577394,
      "overall_ap": 0.8382585242346431,
      "new_ignition_ap": 0.6508894651053067,
      "spread_ap": 0.9988694244807829,
      "prec_at_k": 0.38929617404937744,
      "n_pos": 1364
    },
    "test": {
      "roc": 0.9744417019609306,
      "overall_ap": 0.8586101166824756,
      "new_ignition_ap": 0.6329783138843561,
      "spread_ap": 0.9975296420294701,
      "prec_at_k": 0.4533565938472748,
      "n_pos": 2294
    }
  },
  "delta_test_newign_ap": 0.00642704116907622,
  "trials": [
    {
      "number": 0,
      "value": 0.7033525452107098,
      "params": {
        "learning_rate": 0.0646642271741456,
        "max_leaf_nodes": 187,
        "min_samples_leaf": 189,
        "l2_regularization": 0.15119336467641006,
        "max_features": 0.7118273996694524,
        "class_weight": null
      },
      "n_iter": 145,
      "roc": 0.9729662893017321,
      "spread_ap": 0.9901574468278662
    },
    {
      "number": 1,
      "value": 0.6827535697409121,
      "params": {
        "learning_rate": 0.20761410420015303,
        "max_leaf_nodes": 247,
        "min_samples_leaf": 127,
        "l2_regularization": 1.4685885989200862,
        "max_features": 0.7644474598764522,
        "class_weight": "balanced"
      },
      "n_iter": 42,
      "roc": 0.9664362897499913,
      "spread_ap": 0.9951316585205324
    },
    {
      "number": 2,
      "value": 0.7275459971665168,
      "params": {
        "learning_rate": 0.012732945242475176,
        "max_leaf_nodes": 35,
        "min_samples_leaf": 25,
        "l2_regularization": 2.140323314098607,
        "max_features": 0.8890783754749252,
        "class_weight": "balanced"
      },
      "n_iter": 480,
      "roc": 0.9741489707646902,
      "spread_ap": 0.9959266089407417
    },
    {
      "number": 3,
      "value": 0.7005426870693233,
      "params": {
        "learning_rate": 0.15151446654565384,
        "max_leaf_nodes": 126,
        "min_samples_leaf": 239,
        "l2_regularization": 0.0029723346443356552,
        "max_features": 0.819960510663762,
        "class_weight": "balanced"
      },
      "n_iter": 50,
      "roc": 0.9716451703665401,
      "spread_ap": 0.9982613900083703
    },
    {
      "number": 4,
      "value": 0.7025149488609861,
      "params": {
        "learning_rate": 0.05899745093938507,
        "max_leaf_nodes": 114,
        "min_samples_leaf": 94,
        "l2_regularization": 1.250071223083626,
        "max_features": 0.7280751661082743,
        "class_weight": null
      },
      "n_iter": 200,
      "roc": 0.9722939864417579,
      "spread_ap": 0.9916104143672453
    },
    {
      "number": 5,
      "value": 0.7214825296753972,
      "params": {
        "learning_rate": 0.08171890156969401,
        "max_leaf_nodes": 162,
        "min_samples_leaf": 193,
        "l2_regularization": 5.9565160187105715,
        "max_features": 0.8409101495517417,
        "class_weight": "balanced"
      },
      "n_iter": 99,
      "roc": 0.9726241458059343,
      "spread_ap": 0.9983303458357007
    },
    {
      "number": 6,
      "value": 0.7080162145905752,
      "params": {
        "learning_rate": 0.10727187395229411,
        "max_leaf_nodes": 29,
        "min_samples_leaf": 207,
        "l2_regularization": 0.4814503186400563,
        "max_features": 0.6051912805369204,
        "class_weight": "balanced"
      },
      "n_iter": 93,
      "roc": 0.9711477590638425,
      "spread_ap": 0.9832246387234608
    },
    {
      "number": 7,
      "value": 0.7315257849188453,
      "params": {
        "learning_rate": 0.03445441737078129,
        "max_leaf_nodes": 152,
        "min_samples_leaf": 143,
        "l2_regularization": 8.984529773922546,
        "max_features": 0.551022405374014,
        "class_weight": null
      },
      "n_iter": 554,
      "roc": 0.9718868373467214,
      "spread_ap": 0.9916547838563889
    },
    {
      "number": 8,
      "value": 0.708288509138394,
      "params": {
        "learning_rate": 0.0921977216689866,
        "max_leaf_nodes": 76,
        "min_samples_leaf": 151,
        "l2_regularization": 0.009499535455183799,
        "max_features": 0.5794847918227599,
        "class_weight": "balanced"
      },
      "n_iter": 68,
      "roc": 0.9714434895143351,
      "spread_ap": 0.9908626295393798
    },
    {
      "number": 9,
      "value": 0.7126085745856541,
      "params": {
        "learning_rate": 0.0159997418112275,
        "max_leaf_nodes": 62,
        "min_samples_leaf": 123,
        "l2_regularization": 1.9229718174853692,
        "max_features": 0.5485506378965306,
        "class_weight": null
      },
      "n_iter": 600,
      "roc": 0.9738534912593445,
      "spread_ap": 0.9793845340001682
    },
    {
      "number": 10,
      "value": 0.7066624848993689,
      "params": {
        "learning_rate": 0.03162994557494735,
        "max_leaf_nodes": 249,
        "min_samples_leaf": 287,
        "l2_regularization": 0.042421660017447384,
        "max_features": 0.9746400719702608,
        "class_weight": null
      },
      "n_iter": 367,
      "roc": 0.975358173967823,
      "spread_ap": 0.9950058025890683
    },
    {
      "number": 11,
      "value": 0.723425915769633,
      "params": {
        "learning_rate": 0.012237762386266428,
        "max_leaf_nodes": 195,
        "min_samples_leaf": 23,
        "l2_regularization": 9.455333915069534,
        "max_features": 0.9663372746378807,
        "class_weight": null
      },
      "n_iter": 600,
      "roc": 0.9727395665653014,
      "spread_ap": 0.9887257702756457
    },
    {
      "number": 12,
      "value": 0.720386458396938,
      "params": {
        "learning_rate": 0.026180893132422216,
        "max_leaf_nodes": 24,
        "min_samples_leaf": 22,
        "l2_regularization": 9.57401400269785,
        "max_features": 0.6577199111542675,
        "class_weight": "balanced"
      },
      "n_iter": 407,
      "roc": 0.9731574050430768,
      "spread_ap": 0.9948248010790945
    },
    {
      "number": 13,
      "value": 0.6717210837414572,
      "params": {
        "learning_rate": 0.027665329828001867,
        "max_leaf_nodes": 102,
        "min_samples_leaf": 86,
        "l2_regularization": 0.28522517710053913,
        "max_features": 0.5137965950421673,
        "class_weight": null
      },
      "n_iter": 292,
      "roc": 0.971028000195313,
      "spread_ap": 0.9752726310136853
    },
    {
      "number": 14,
      "value": 0.718904173746635,
      "params": {
        "learning_rate": 0.01074252287407099,
        "max_leaf_nodes": 151,
        "min_samples_leaf": 64,
        "l2_regularization": 3.0369799502640604,
        "max_features": 0.8940172311224767,
        "class_weight": "balanced"
      },
      "n_iter": 365,
      "roc": 0.9708348746915216,
      "spread_ap": 0.9956920283435302
    },
    {
      "number": 15,
      "value": 0.7185766351865168,
      "params": {
        "learning_rate": 0.04145699277139917,
        "max_leaf_nodes": 203,
        "min_samples_leaf": 54,