{
  "FAPAR": {
    "mean": 0.4084317684173584,
    "std": 0.1733432561159134
  },
  "FWI": {
    "mean": 16.692556381225586,
    "std": 16.497060775756836
  },
  "LAI": {
    "mean": 1.225164771080017,
    "std": 0.9100064039230347
  },
  "LST": {
    "mean": 289.6989440917969,
    "std": 9.903153419494629
  },
  "NDVI": {
    "mean": 0.6116788983345032,
    "std": 0.25181901454925537
  },
  "RH_max": {
    "mean": 85.41378021240234,
    "std": 13.082808494567871
  },
  "RH_mean": {
    "mean": 65.40218353271484,
    "std": 16.911048889160156
  },
  "RH_min": {
    "mean": 45.133331298828125,
    "std": 18.99949073791504
  },
  "RH_range": {
    "mean": 40.28044128417969,
    "std": 13.220817565917969
  },
  "SWI_001": {
    "mean": 32.38111114501953,
    "std": 20.618885040283203
  },
  "SWI_005": {
    "mean": 32.43288040161133,
    "std": 18.945913314819336
  },
  "SWI_010": {
    "mean": 32.42766189575195,
    "std": 17.888622283935547
  },
  "SWI_020": {
    "mean": 32.48526382446289,
    "std": 16.381542205810547
  },
  "is_holiday": {
    "mean": 0.3407939849028716,
    "std": 0.4732840538267612
  },
  "surface_pressure_max": {
    "mean": 954.7952270507812,
    "std": 41.086002349853516
  },
  "surface_pressure_mean": {
    "mean": 952.7276000976562,
    "std": 41.08671951293945
  },
  "surface_pressure_min": {
    "mean": 950.8572998046875,
    "std": 41.081478118896484
  },
  "surface_pressure_range": {
    "mean": 3.9378654956817627,
    "std": 2.567638397216797
  },
  "t2m_max": {
    "mean": 21.750492095947266,
    "std": 7.819493770599365
  },
  "t2m_mean": {
    "mean": 16.606491088867188,
    "std": 6.886080265045166
  },
  "t2m_min": {
    "mean": 11.727264404296875,
    "std": 6.124414443969727
  },
  "t2m_range": {
    "mean": -263.126708984375,
    "std": 3.8403451442718506
  },
  "total_precipitation_mean": {
    "mean": 0.7737130522727966,
    "std": 2.2310519218444824
  },
  "wind_direction_at_max_speed": {
    "mean": 202.80941772460938,
    "std": 95.81542205810547
  },
  "wind_direction_mean": {
    "mean": 198.9371337890625,
    "std": 98.20616149902344
  },
  "wind_speed_max": {
    "mean": 3.9202733039855957,
    "std": 1.6254932880401611
  },
  "wind_speed_mean": {
    "mean": 2.5223701000213623,
    "std": 1.2292460203170776
  },
  "CLC_1": {
    "mean": 0.0021299368236213923,
    "std": 0.004752319771796465
  },
  "CLC_2": {
    "mean": 0.009558574296534061,
    "std": 0.020246492698788643
  },
  "CLC_3": {
    "mean": 0.003053429536521435,
    "std": 0.007177095860242844
  },
  "CLC_4": {
    "mean": 0.0005292603746056557,
    "std": 0.0016894657164812088
  },
  "CLC_5": {
    "mean": 4.2914700316032395e-05,
    "std": 0.00023379262711387128
  },
  "CLC_6": {
    "mean": 0.00026105449069291353,
    "std": 0.0015393432695418596
  },
  "CLC_7": {
    "mean": 0.0009777187369763851,
    "std": 0.0023502325639128685
  },
  "CLC_8": {
    "mean": 0.00013872339332010597,
    "std": 0.0005185932386666536
  },
  "CLC_9": {
    "mean": 0.0005032407934777439,
    "std": 0.001938261673785746
  },
  "CLC_10": {
    "mean": 0.00019727001199498773,
    "std": 0.0015512265963479877
  },
  "CLC_11": {
    "mean": 0.0006421715370379388,
    "std": 0.001966072479262948
  },
  "CLC_12": {
    "mean": 0.1178266629576683,
    "std": 0.18228237330913544
  },
  "CLC_13": {
    "mean": 0.02683837339282036,
    "std": 0.07063375413417816
  },
  "CLC_14": {
    "mean": 0.001708421972580254,
    "std": 0.014783456921577454
  },
  "CLC_15": {
    "mean": 0.016892261803150177,
    "std": 0.05854830518364906
  },
  "CLC_16": {
    "mean": 0.012134441174566746,
    "std": 0.03996491804718971
  },
  "CLC_17": {
    "mean": 0.024708321318030357,
    "std": 0.08640439808368683
  },
  "CLC_18": {
    "mean": 0.023886701092123985,
    "std": 0.05703932046890259
  },
  "CLC_19": {
    "mean": 0.0028929158579558134,
    "std": 0.015121087431907654
  },
  "CLC_20": {
    "mean": 0.038268789649009705,
    "std": 0.06686380505561829
  },
  "CLC_21": {
    "mean": 0.024576852098107338,
    "std": 0.03552814573049545
  },
  "CLC_22": {
    "mean": 0.029485175386071205,
    "std": 0.08818167448043823
  },
  "CLC_23": {
    "mean": 0.0753030851483345,
    "std": 0.10664204508066177
  },
  "CLC_24": {
    "mean": 0.05771833285689354,
    "std": 0.09812913089990616
  },
  "CLC_25": {
    "mean": 0.02169167995452881,
    "std": 0.04195655137300491
  },
  "CLC_26": {
    "mean": 0.03939571976661682,
    "std": 0.06731021404266357
  },
  "CLC_27": {
    "mean": 0.023648899048566818,
    "std": 0.0697297677397728
  },
  "CLC_28": {
    "mean": 0.0487215556204319,
    "std": 0.07927294075489044
  },
  "CLC_29": {
    "mean": 0.03973386436700821,
    "std": 0.06632675230503082
  },
  "CLC_30": {
    "mean": 0.00030399434035643935,
    "std": 0.0013999975053593516
  },
  "CLC_31": {
    "mean": 0.0024880191776901484,
    "std": 0.014943554997444153
  },
  "CLC_32": {
    "mean": 0.006335188634693623,
    "std": 0.022501058876514435
  },
  "CLC_33": {
    "mean": 0.0007045798120088875,
    "std": 0.0064476849511265755
  },
  "CLC_34": {
    "mean": 1.0296637810824905e-05,
    "std": 0.0002142219600500539
  },
  "CLC_35": {
    "mean": 0.00033171073300763965,
    "std": 0.004116741940379143
  },
  "CLC_36": {
    "mean": 1.3467010830936488e-05,
    "std": 0.00021043293236289173
  },
  "CLC_37": {
    "mean": 0.0007693949155509472,
    "std": 0.007133057340979576
  },
  "CLC_38": {
    "mean": 0.000260256405454129,
    "std": 0.0023251750972121954
  },
  "CLC_39": {
    "mean": 2.5859426386887208e-05,
    "std": 0.00024392454361077398
  },
  "CLC_40": {
    "mean": 0.0008560663554817438,
    "std": 0.002720298245549202
  },
  "CLC_41": {
    "mean": 0.003364958567544818,
    "std": 0.008552739396691322
  },
  "CLC_42": {
    "mean": 0.0003963718772865832,
    "std": 0.004820159636437893
  },
  "CLC_43": {
    "mean": 8.582312148064375e-05,
    "std": 0.0006431766669265926
  },
  "CLC_44": {
    "mean": 0.3386446535587311,
    "std": 0.4540573060512543
  },
  "CLC_agricultural_proportion": {
    "mean": 0.3192189037799835,
    "std": 0.30059993267059326
  },
  "CLC_arable_land_proportion": {
    "mean": 0.1463734656572342,
    "std": 0.2148095667362213
  },
  "CLC_artificial_proportion": {
    "mean": 0.01803429424762726,
    "std": 0.03515816852450371
  },
  "CLC_artificial_vegetation_proportion": {
    "mean": 0.0008394416072405875,
    "std": 0.0030020384583622217
  },
  "CLC_forest_and_semi_natural_proportion": {
    "mean": 0.31605520844459534,
    "std": 0.2994280159473419
  },
  "CLC_forest_proportion": {
    "mean": 0.15471309423446655,
    "std": 0.1756543517112732
  },
  "CLC_heterogeneous_agriculture_proportion": {
    "mean": 0.09522373974323273,
    "std": 0.12002121657133102
  },
  "CLC_industrial_proportion": {
    "mean": 0.0038866589311510324,
    "std": 0.009648740291595459
  },
  "CLC_inland_waters_proportion": {
    "mean": 0.004221024923026562,
    "std": 0.009239633567631245
  },
  "CLC_inland_wetlands_proportion": {
    "mean": 0.00034517774474807084,
    "std": 0.004122569225728512
  },
  "CLC_marine_waters_proportion": {
    "mean": 0.3391268849372864,
    "std": 0.4540817141532898
  },
  "CLC_maritime_wetlands_proportion": {
    "mean": 0.001055510831065476,
    "std": 0.008595510385930538
  },
  "CLC_mine_proportion": {
    "mean": 0.0016196827637031674,
    "std": 0.003608014201745391
  },
  "CLC_open_space_proportion": {
    "mean": 0.00984207820147276,
    "std": 0.03264682739973068
  },
  "CLC_permanent_crops_proportion": {
    "mean": 0.053735025227069855,
    "std": 0.11468248069286346
  },
  "CLC_scrub_proportion": {
    "mean": 0.15150004625320435,
    "std": 0.16434751451015472
  },
  "CLC_urban_fabric_proportion": {
    "mean": 0.011688509956002235,
    "std": 0.022888025268912315
  },
  "CLC_waterbody_proportion": {
    "mean": 0.3433478772640228,
    "std": 0.4512273669242859
  },