{
  "cube": "FireGuard_coarse4.zarr",
  "horizon": 3,
  "rows": 871388,
  "pos": 1929,
  "horizons": [
    [
      1,
      0.0009157803412486745,
      0.025964494451318723,
      0.8738097041428787
    ],
    [
      3,
      0.0022137096218905927,
      0.14774516707741056,
      0.8446776715709954
    ],
    [
      7,
      0.004499908957509935,
      0.22594484050803945,
      0.8980891480734462
    ]
  ],
  "full": {
    "AP": 0.14774516707741056,
    "ROC": 0.8446776715709954
  },
  "groups": [
    [
      "human",
      2,
      0.11761243949943165,
      0.8330164994109797,
      0.030132727577978913,
      0.01166117216001572
    ],
    [
      "fuel_cover",
      2,
      0.13708601441754403,
      0.8480452274405829,
      0.010659152659866528,
      -0.0033675558695874797
    ],
    [
      "vegetation",
      5,
      0.14471751965516913,
      0.8352750642008002,
      0.0030276474222414307,
      0.00940260737019516
    ],
    [
      "terrain",
      2,
      0.15063398032686698,
      0.8341007199582245,
      -0.002888813249456418,
      0.010576951612770835
    ],
    [
      "fire_context",
      1,
      0.15301019813741487,
      0.8292660066312938,
      -0.00526503106000431,
      0.015411664939701586
    ],
    [
      "soil_moisture",
      2,
      0.15323145227304544,
      0.8502579082062736,
      -0.005486285195634877,
      -0.00558023663527818
    ],
    [
      "weather",
      13,
      0.15831840559450835,
      0.8441982308762017,
      -0.010573238517097794,
      0.0004794406947936647
    ]
  ]
}