{
  "cube": "FireGuard_coarse4.zarr",
  "horizon": 3,
  "rows": 5632901,
  "pos": 8436,
  "horizons": [
    [
      1,
      0.0006003361109633244,
      0.1495937240265936,
      0.9185976668708722
    ],
    [
      3,
      0.001497629729334849,
      0.256642533633648,
      0.8826189483155024
    ],
    [
      7,
      0.002970907975921213,
      0.252852514995449,
      0.8541811988344896
    ]
  ],
  "full": {
    "AP": 0.256642533633648,
    "ROC": 0.8826189483155024
  },
  "groups": [
    [
      "human",
      4,
      0.18701084186664474,
      0.8554991789671578,
      0.06963169176700323,
      0.02711976934834459
    ],
    [
      "terrain",
      2,
      0.2347070145050453,
      0.878011245120236,
      0.02193551912860267,
      0.004607703195266377
    ],
    [
      "fuel_cover",
      2,
      0.259424005544061,
      0.8774902097882035,
      -0.0027814719104130026,
      0.005128738527298893
    ],
    [
      "fire_context",
      1,
      0.26650095420539804,
      0.8794843555635978,
      -0.00985842057175007,
      0.0031345927519045302
    ],
    [
      "soil_moisture",
      2,
      0.26722720044554693,
      0.8778612110438302,
      -0.010584666811898957,
      0.004757737271672169
    ],
    [
      "weather",
      13,
      0.26732343172489337,
      0.8800088019241815,
      -0.010680898091245394,
      0.0026101463913208445
    ],
    [
      "vegetation",
      5,
      0.2897597665597067,
      0.8859152900421653,
      -0.033117232926058726,
      -0.0032963417266629325
    ]
  ]
}