{
  "method": "isotonic on true-prevalence VAL (corrects neg-subsample bias)",
  "test_ece_raw": 0.004385847145429171,
  "test_ece_calibrated": 0.000195093221454525,
  "test_brier_raw": 0.0009594745124198728,
  "test_brier_calibrated": 0.00013277837579061616,
  "test_ap_raw": 0.2774877512686859,
  "test_ap_calibrated": 0.26961813773187376
}