{
  "method": "isotonic on true-prevalence held-out VAL (corrects neg-subsample bias); v2 raw-feature block-read",
  "model": "gbt_fireguard",
  "n_features": 135,
  "cube": "/Users/vladimir/ml-wildfire-prediction/data/gold/FireGuard_coarse4_t200.zarr",
  "eval_ece_raw": 0.010857985474326558,
  "eval_ece_calibrated": 7.252351554403659e-05,
  "eval_brier_raw": 0.0018953708205017281,
  "eval_brier_calibrated": 0.0004933668259829851,
  "eval_ap_raw": 0.2029126771001964,
  "eval_ap_calibrated": 0.1933834417482661
}